date_time,id,buoy_id,lat,lon,battery,compass,flag_compass,flood,rh,flag_rh,pres,flag_pres,atmp,flag_atmp,dewpt,flag_dewpt,wspd,flag_wspd,wdir,flag_wdir,gust,flag_gust,arad,flag_arad,sst,flag_sst,cspd1,flag_cspd1,cdir1,flag_cdir1,cspd2,flag_cspd2,cdir2,flag_cdir2,cspd3,flag_cspd3,cdir3,flag_cdir3,swvht1,flag_swvht1,swvht2,flag_swvht2,mxwvht1,flag_mxwvht1,tp1,flag_tp1,tp2,flag_tp2,wvdir1,flag_wvdir1,wvdir2,flag_wvdir2,wvspread1,flag_wvspread1,pk_dir,flag_pk_dir,pk_wvspread,flag_pk_wvspread,mean_tp,flag_mean_tp
2022-08-17 22:27:49+00:00,58698,28,-3.798067,-32.371533,,,,,,,,,,,,,8.8,0,125,0,,,,,27.06,0,,,,,,,,,,,,,2.1,2,,,,,8.5,0,,,129.0,0,,,46.0,0,127.0,0,44.0,0,5.9,0
2022-08-17 21:57:49+00:00,58697,28,-3.798067,-32.371533,,,,,,,,,,,,,8.0,8,131,0,,,,,,2,,,,,,,,,,,,,2.06,2,,,,,8.5,0,,,129.0,0,,,45.0,0,124.0,0,40.0,0,5.8,0
2022-08-17 21:27:49+00:00,58690,28,-3.79805,-32.371533,,,,,,,,,,,,,10.0,8,125,0,,,,,27.06,0,,,,,,,,,,,,,1.98,2,,,,,8.5,0,,,129.0,0,,,47.0,0,137.0,0,39.0,0,5.8,0
2022-08-17 20:57:49+00:00,58689,28,-3.79805,-32.371517,,,,,,,,,,,,,9.2,8,120,0,,,,,,2,,,,,,,,,,,,,2.19,2,,,,,7.9,0,,,122.0,0,,,47.0,0,112.0,0,38.0,0,6.0,0
2022-08-17 20:27:49+00:00,58682,28,-3.798067,-32.371583,,,,,,,,,,,,,8.8,8,137,0,,,,,27.1,0,,,,,,,,,,,,,2.12,2,,,,,8.5,0,,,124.0,0,,,49.0,0,117.0,0,41.0,0,6.1,0
2022-08-17 19:57:49+00:00,58681,28,-3.798067,-32.371633,,,,,,,,,,,,,8.4,8,125,0,,,,,,2,,,,,,,,,,,,,2.12,2,,,,,7.9,0,,,131.0,0,,,49.0,0,120.0,0,40.0,0,6.1,0
2022-08-17 19:27:49+00:00,58674,28,-3.798067,-32.371633,,,,,,,,,,,,,9.2,8,125,0,,,,,27.12,0,,,,,,,,,,,,,2.05,2,,,,,8.5,0,,,132.0,0,,,49.0,0,139.0,0,46.0,0,6.0,0
2022-08-17 18:57:49+00:00,58673,28,-3.798083,-32.371667,,,,,,,,,,,,,10.0,8,125,0,,,,,,2,,,,,,,,,,,,,2.08,2,,,,,8.5,0,,,133.0,0,,,48.0,0,135.0,0,36.0,0,6.2,0
2022-08-17 18:27:49+00:00,58666,28,-3.7981,-32.3717,,,,,,,,,,,,,10.4,8,137,0,,,,,27.16,0,,,,,,,,,,,,,2.11,2,,,,,8.5,0,,,133.0,0,,,49.0,0,134.0,0,44.0,0,6.2,0
2022-08-17 17:57:49+00:00,58665,28,-3.798117,-32.371733,,,,,,,,,,,,,9.6,8,142,0,,,,,,2,,,,,,,,,,,,,2.09,2,,,,,9.3,0,,,134.0,0,,,50.0,0,136.0,0,43.0,0,6.4,0
2022-08-17 17:27:49+00:00,58658,28,-3.79815,-32.371717,,,,,,,,,,,,,9.2,8,131,0,,,,,27.14,0,,,,,,,,,,,,,2.13,2,,,,,8.5,0,,,136.0,0,,,48.0,0,134.0,0,42.0,0,6.4,0
2022-08-17 16:57:49+00:00,58657,28,-3.79815,-32.371733,,,,,,,,,,,,,8.0,8,131,0,,,,,,2,,,,,,,,,,,,,2.06,2,,,,,8.5,0,,,136.0,0,,,48.0,0,130.0,0,45.0,0,6.2,0
2022-08-17 16:27:49+00:00,58648,28,-3.79815,-32.37175,,,,,,,,,,,,,9.2,8,142,0,,,,,27.12,0,,,,,,,,,,,,,2.85,2,,,,,25.6,0,,,142.0,0,,,63.0,0,273.0,0,70.0,0,9.0,0
2022-08-17 15:57:49+00:00,58647,28,-3.798167,-32.37175,,,,,,,,,,,,,8.0,8,131,0,,,,,,2,,,,,,,,,,,,,2.28,2,,,,,8.5,0,,,135.0,0,,,44.0,0,127.0,0,39.0,0,6.4,0
2022-08-17 15:27:49+00:00,58642,28,-3.79815,-32.37175,,,,,,,,,,,,,8.8,8,142,0,,,,,27.08,0,,,,,,,,,,,,,2.21,2,,,,,7.9,0,,,137.0,0,,,44.0,0,135.0,0,37.0,0,6.2,0
2022-08-17 14:57:49+00:00,58641,28,-3.798167,-32.37175,,,,,,,,,,,,,9.2,8,137,0,,,,,,2,,,,,,,,,,,,,2.16,2,,,,,7.9,0,,,135.0,0,,,42.0,0,123.0,0,35.0,0,6.2,0
2022-08-17 14:27:49+00:00,58634,28,-3.79815,-32.3717,,,,,,,,,,,,,8.0,8,137,0,,,,,27.02,0,,,,,,,,,,,,,2.11,2,,,,,8.5,0,,,136.0,0,,,41.0,0,135.0,0,35.0,0,6.0,0
2022-08-17 13:57:49+00:00,58633,28,-3.79815,-32.3717,,,,,,,,,,,,,7.2,8,108,0,,,,,,2,,,,,,,,,,,,,2.07,2,,,,,8.5,0,,,135.0,0,,,42.0,0,139.0,0,35.0,0,6.1,0
2022-08-17 13:27:49+00:00,58626,28,-3.798133,-32.37165,,,,,,,,,,,,,6.4,8,120,0,,,,,26.94,0,,,,,,,,,,,,,2.1,2,,,,,7.9,0,,,135.0,0,,,40.0,0,126.0,0,31.0,0,6.2,0
2022-08-17 12:57:49+00:00,58625,28,-3.7981,-32.371517,,,,,,,,,,,,,9.2,8,125,0,,,,,,2,,,,,,,,,,,,,2.29,2,,,,,7.9,0,,,135.0,0,,,39.0,0,131.0,0,30.0,0,6.3,0
2022-08-17 12:27:49+00:00,58618,28,-3.798067,-32.3715,,,,,,,,,,,,,6.8,8,137,0,,,,,26.9,0,,,,,,,,,,,,,2.18,2,,,,,7.9,0,,,136.0,0,,,40.0,0,131.0,0,36.0,0,6.1,0
2022-08-17 11:57:49+00:00,58617,28,-3.798067,-32.3715,,,,,,,,,,,,,8.4,8,131,0,,,,,,2,,,,,,,,,,,,,1.96,2,,,,,7.9,0,,,137.0,0,,,43.0,0,139.0,0,35.0,0,5.8,0
2022-08-17 11:27:49+00:00,58610,28,-3.798067,-32.37145,,,,,,,,,,,,,8.8,8,125,0,,,,,26.94,0,,,,,,,,,,,,,2.02,2,,,,,6.8,0,,,133.0,0,,,44.0,0,130.0,0,36.0,0,5.9,0
2022-08-17 10:57:49+00:00,58609,28,-3.798067,-32.371583,,,,,,,,,,,,,7.6,8,154,0,,,,,,2,,,,,,,,,,,,,2.17,2,,,,,7.9,0,,,138.0,0,,,46.0,0,131.0,0,37.0,0,6.1,0
2022-08-17 10:27:49+00:00,58602,28,-3.798067,-32.3716,,,,,,,,,,,,,9.2,8,142,0,,,,,26.92,0,,,,,,,,,,,,,2.08,2,,,,,8.5,0,,,137.0,0,,,46.0,0,144.0,0,43.0,0,5.8,0
2022-08-17 09:57:49+00:00,58601,28,-3.798067,-32.371583,,,,,,,,,,,,,9.2,0,142,0,,,,,,2,,,,,,,,,,,,,2.17,2,,,,,9.3,0,,,137.0,0,,,45.0,0,146.0,0,37.0,0,5.9,0
2022-08-17 09:27:49+00:00,58594,28,-3.79805,-32.37155,,,,,,,,,,,,,9.6,8,131,0,,,,,26.92,0,,,,,,,,,,,,,2.25,2,,,,,8.5,0,,,134.0,0,,,45.0,0,142.0,0,39.0,0,6.0,0
2022-08-17 08:57:49+00:00,58593,28,-3.798033,-32.371517,,,,,,,,,,,,,9.6,0,142,0,,,,,,2,,,,,,,,,,,,,2.17,2,,,,,8.5,0,,,140.0,0,,,46.0,0,150.0,0,36.0,0,6.2,0
2022-08-17 08:27:49+00:00,58586,28,-3.79805,-32.371583,,,,,,,,,,,,,8.4,8,125,0,,,,,26.92,0,,,,,,,,,,,,,2.2,2,,,,,8.5,0,,,135.0,0,,,47.0,0,144.0,0,42.0,0,6.1,0
2022-08-17 07:57:49+00:00,58585,28,-3.79805,-32.371567,,,,,,,,,,,,,9.6,8,131,0,,,,,,2,,,,,,,,,,,,,2.1,2,,,,,7.9,0,,,134.0,0,,,48.0,0,122.0,0,44.0,0,6.0,0
2022-08-17 07:27:49+00:00,58578,28,-3.798083,-32.371667,,,,,,,,,,,,,9.2,8,142,0,,,,,26.92,0,,,,,,,,,,,,,2.12,2,,,,,8.5,0,,,136.0,0,,,46.0,0,145.0,0,41.0,0,6.0,0
2022-08-17 06:57:49+00:00,58577,28,-3.798067,-32.371633,,,,,,,,,,,,,8.4,8,142,0,,,,,,2,,,,,,,,,,,,,2.14,2,,,,,7.9,0,,,138.0,0,,,46.0,0,135.0,0,42.0,0,6.1,0
2022-08-17 06:27:49+00:00,58570,28,-3.798067,-32.37165,,,,,,,,,,,,,9.2,8,131,0,,,,,26.94,0,,,,,,,,,,,,,2.19,2,,,,,8.5,0,,,134.0,0,,,46.0,0,137.0,0,36.0,0,6.1,0
2022-08-17 05:57:49+00:00,58569,28,-3.798067,-32.371617,,,,,,,,,,,,,8.4,8,148,0,,,,,,2,,,,,,,,,,,,,2.2,2,,,,,8.5,0,,,138.0,0,,,47.0,0,147.0,0,41.0,0,6.1,0
2022-08-17 05:27:49+00:00,58558,28,-3.798067,-32.371683,,,,,,,,,,,,,8.4,0,131,0,,,,,26.94,0,,,,,,,,,,,,,2.06,2,,,,,8.5,0,,,140.0,0,,,47.0,0,151.0,0,41.0,0,6.0,0
2022-08-17 04:57:49+00:00,58557,28,-3.79815,-32.371767,,,,,,,,,,,,,9.2,8,137,0,,,,,,2,,,,,,,,,,,,,2.08,2,,,,,7.9,0,,,140.0,0,,,46.0,0,134.0,0,37.0,0,6.1,0
2022-08-17 04:27:49+00:00,58556,28,-3.79815,-32.371767,,,,,,,,,,,,,8.4,8,137,0,,,,,26.94,0,,,,,,,,,,,,,2.08,2,,,,,7.9,0,,,137.0,0,,,46.0,0,135.0,0,36.0,0,6.1,0
2022-08-17 03:57:49+00:00,58555,28,-3.798133,-32.371733,,,,,,,,,,,,,8.4,0,131,0,,,,,,2,,,,,,,,,,,,,2.07,2,,,,,8.5,0,,,139.0,0,,,45.0,0,141.0,0,40.0,0,6.1,0
2022-08-17 03:27:49+00:00,58546,28,-3.7981,-32.371667,,,,,,,,,,,,,9.2,8,148,0,,,,,26.92,0,,,,,,,,,,,,,2.17,2,,,,,7.9,0,,,139.0,0,,,43.0,0,138.0,0,36.0,0,6.1,0
2022-08-17 02:57:49+00:00,58545,28,-3.7981,-32.371633,,,,,,,,,,,,,8.8,8,125,0,,,,,,2,,,,,,,,,,,,,2.15,2,,,,,7.9,0,,,139.0,0,,,41.0,0,131.0,0,35.0,0,5.8,0
2022-08-17 02:27:49+00:00,58538,28,-3.7981,-32.371617,,,,,,,,,,,,,7.2,8,131,0,,,,,26.82,0,,,,,,,,,,,,,2.17,2,,,,,7.3,0,,,141.0,0,,,39.0,0,132.0,0,32.0,0,5.9,0
2022-08-17 01:57:49+00:00,58537,28,-3.798133,-32.371617,,,,,,,,,,,,,8.0,8,120,0,,,,,,2,,,,,,,,,,,,,2.19,2,,,,,8.5,0,,,140.0,0,,,40.0,0,145.0,0,33.0,0,6.1,0
2022-08-17 01:27:49+00:00,58530,28,-3.7982,-32.3717,,,,,,,,,,,,,6.4,8,148,0,,,,,26.78,0,,,,,,,,,,,,,2.23,2,,,,,7.9,0,,,132.0,0,,,38.0,0,130.0,0,32.0,0,6.1,0
2022-08-17 00:57:49+00:00,58529,28,-3.798183,-32.3717,,,,,,,,,,,,,8.8,8,125,0,,,,,,2,,,,,,,,,,,,,2.07,2,,,,,7.9,0,,,133.0,0,,,38.0,0,134.0,0,33.0,0,6.0,0
2022-08-17 00:27:49+00:00,58522,28,-3.79815,-32.371683,,,,,,,,,,,,,7.6,8,125,0,,,,,26.9,0,,,,,,,,,,,,,1.96,2,,,,,7.9,0,,,135.0,0,,,38.0,0,132.0,0,29.0,0,5.9,0
2022-08-16 23:57:49+00:00,58521,28,-3.798083,-32.371583,,,,,,,,,,,,,8.4,8,120,0,,,,,,2,,,,,,,,,,,,,2.11,2,,,,,7.3,0,,,131.0,0,,,40.0,0,124.0,0,32.0,0,6.0,0
2022-08-16 23:27:49+00:00,58514,28,-3.798083,-32.371567,,,,,,,,,,,,,7.2,8,114,0,,,,,26.88,0,,,,,,,,,,,,,1.89,2,,,,,7.9,0,,,130.0,0,,,42.0,0,125.0,0,34.0,0,5.7,0
2022-08-16 22:57:49+00:00,58513,28,-3.798067,-32.371467,,,,,,,,,,,,,9.6,8,125,0,,,,,,2,,,,,,,,,,,,,2.07,2,,,,,6.8,0,,,126.0,0,,,44.0,0,120.0,0,32.0,0,5.8,0
2022-08-16 22:27:49+00:00,58506,28,-3.798067,-32.371567,,,,,,,,,,,,,8.0,8,131,0,,,,,26.94,0,,,,,,,,,,,,,2.11,2,,,,,6.8,0,,,130.0,0,,,45.0,0,124.0,0,36.0,0,5.7,0
2022-08-16 21:57:49+00:00,58505,28,-3.798067,-32.371567,,,,,,,,,,,,,8.8,8,131,0,,,,,,2,,,,,,,,,,,,,2.12,2,,,,,7.9,0,,,131.0,0,,,50.0,0,119.0,0,42.0,0,5.9,0
2022-08-16 21:27:49+00:00,58498,28,-3.79805,-32.3716,,,,,,,,,,,,,9.6,8,131,0,,,,,26.98,0,,,,,,,,,,,,,2.07,2,,,,,7.3,0,,,132.0,0,,,48.0,0,133.0,0,42.0,0,5.7,0
2022-08-16 20:57:49+00:00,58497,28,-3.79805,-32.3716,,,,,,,,,,,,,9.6,0,137,0,,,,,,2,,,,,,,,,,,,,2.06,2,,,,,7.9,0,,,135.0,0,,,50.0,0,132.0,0,40.0,0,5.7,0
2022-08-16 20:27:49+00:00,58490,28,-3.798067,-32.371567,,,,,,,,,,,,,10.8,8,137,0,,,,,26.98,0,,,,,,,,,,,,,2.16,2,,,,,6.8,0,,,133.0,0,,,50.0,0,125.0,0,41.0,0,6.0,0
2022-08-16 19:57:49+00:00,58489,28,-3.798067,-32.3716,,,,,,,,,,,,,10.8,0,137,0,,,,,,2,,,,,,,,,,,,,2.06,2,,,,,7.3,0,,,135.0,0,,,49.0,0,132.0,0,39.0,0,5.7,0
2022-08-16 19:27:49+00:00,58482,28,-3.79805,-32.371583,,,,,,,,,,,,,9.6,8,137,0,,,,,27.0,0,,,,,,,,,,,,,,2,,,,,,0,,,,0,,,,0,,0,,0,,2
2022-08-16 18:57:49+00:00,58481,28,-3.79805,-32.371583,,,,,,,,,,,,,11.6,8,142,0,,,,,,2,,,,,,,,,,,,,2.26,2,,,,,7.3,0,,,132.0,0,,,48.0,0,119.0,0,35.0,0,5.9,0
2022-08-16 18:27:49+00:00,58474,28,-3.798067,-32.3716,,,,,,,,,,,,,10.0,8,154,0,,,,,27.0,0,,,,,,,,,,,,,2.09,2,,,,,7.9,0,,,131.0,0,,,50.0,0,117.0,0,47.0,0,5.7,0
2022-08-16 17:57:49+00:00,58473,28,-3.798067,-32.3716,,,,,,,,,,,,,10.0,0,137,0,,,,,,2,,,,,,,,,,,,,2.1,2,,,,,7.9,0,,,132.0,0,,,52.0,0,116.0,0,50.0,0,5.8,0
2022-08-16 17:27:49+00:00,58428,28,-3.798083,-32.371633,,,,,,,,,,,,,8.4,8,148,0,,,,,27.0,0,,,,,,,,,,,,,1.94,2,,,,,7.9,0,,,137.0,0,,,51.0,0,135.0,0,54.0,0,5.6,0
2022-08-16 16:57:49+00:00,58427,28,-3.798083,-32.371667,,,,,,,,,,,,,9.2,8,160,0,,,,,,2,,,,,,,,,,,,,2.07,2,,,,,7.3,0,,,132.0,0,,,52.0,0,127.0,0,44.0,0,5.6,0
2022-08-16 16:27:49+00:00,58426,28,-3.7981,-32.37165,,,,,,,,,,,,,10.8,8,131,0,,,,,27.0,0,,,,,,,,,,,,,2.64,2,,,,,25.6,0,,,143.0,0,,,66.0,0,286.0,0,73.0,0,8.3,0
2022-08-16 15:57:49+00:00,58425,28,-3.7981,-32.371683,,,,,,,,,,,,,10.0,8,142,0,,,,,,2,,,,,,,,,,,,,2.02,2,,,,,7.3,0,,,136.0,0,,,49.0,0,136.0,0,40.0,0,5.7,0
2022-08-16 15:27:49+00:00,58424,28,-3.798083,-32.37165,,,,,,,,,,,,,9.6,8,148,0,,,,,27.0,0,,,,,,,,,,,,,2.06,2,,,,,11.4,0,,,135.0,0,,,47.0,0,148.0,0,39.0,0,5.8,0
2022-08-16 14:57:49+00:00,58423,28,-3.798083,-32.371633,,,,,,,,,,,,,9.2,8,142,0,,,,,,2,,,,,,,,,,,,,1.99,2,,,,,7.9,0,,,134.0,0,,,49.0,0,118.0,0,40.0,0,5.6,0
2022-08-16 14:27:49+00:00,58422,28,-3.798083,-32.371617,,,,,,,,,,,,,9.6,8,131,0,,,,,26.98,0,,,,,,,,,,,,,2.02,2,,,,,7.3,0,,,139.0,0,,,48.0,0,135.0,0,39.0,0,5.8,0
2022-08-16 13:57:49+00:00,58421,28,-3.798083,-32.371617,,,,,,,,,,,,,9.2,8,131,0,,,,,,2,,,,,,,,,,,,,1.88,2,,,,,7.3,0,,,132.0,0,,,49.0,0,122.0,0,45.0,0,5.6,0
2022-08-16 13:27:49+00:00,58420,28,-3.798067,-32.371567,,,,,,,,,,,,,8.4,8,131,0,,,,,26.94,0,,,,,,,,,,,,,1.86,2,,,,,7.3,0,,,130.0,0,,,51.0,0,126.0,0,41.0,0,5.7,0
2022-08-16 12:57:49+00:00,58419,28,-3.798067,-32.371583,,,,,,,,,,,,,8.0,8,125,0,,,,,,2,,,,,,,,,,,,,1.77,2,,,,,7.9,0,,,130.0,0,,,50.0,0,114.0,0,44.0,0,5.6,0
2022-08-16 12:27:49+00:00,58418,28,-3.798067,-32.371617,,,,,,,,,,,,,8.4,8,125,0,,,,,26.9,0,,,,,,,,,,,,,1.87,2,,,,,7.3,0,,,133.0,0,,,47.0,0,130.0,0,37.0,0,5.9,0
2022-08-16 11:57:49+00:00,58417,28,-3.798067,-32.371583,,,,,,,,,,,,,8.0,8,131,0,,,,,,2,,,,,,,,,,,,,1.91,2,,,,,7.9,0,,,129.0,0,,,48.0,0,113.0,0,38.0,0,5.9,0
2022-08-16 11:27:49+00:00,58416,28,-3.79805,-32.371583,,,,,,,,,,,,,8.0,0,131,0,,,,,26.88,0,,,,,,,,,,,,,1.88,2,,,,,7.9,0,,,132.0,0,,,48.0,0,125.0,0,39.0,0,6.1,0
2022-08-16 10:57:49+00:00,58415,28,-3.79805,-32.371517,,,,,,,,,,,,,7.2,8,142,0,,,,,,2,,,,,,,,,,,,,1.82,2,,,,,7.9,0,,,131.0,0,,,47.0,0,126.0,0,42.0,0,5.9,0
2022-08-16 10:27:49+00:00,58414,28,-3.79805,-32.371483,,,,,,,,,,,,,7.6,8,131,0,,,,,26.84,0,,,,,,,,,,,,,1.97,2,,,,,7.9,0,,,130.0,0,,,44.0,0,121.0,0,36.0,0,5.9,0
2022-08-16 09:57:49+00:00,58413,28,-3.79805,-32.371483,,,,,,,,,,,,,8.0,8,137,0,,,,,,2,,,,,,,,,,,,,1.9,2,,,,,7.9,0,,,132.0,0,,,46.0,0,133.0,0,37.0,0,5.7,0
2022-08-16 09:27:49+00:00,58412,28,-3.79805,-32.37155,,,,,,,,,,,,,8.4,8,125,0,,,,,26.82,0,,,,,,,,,,,,,1.71,2,,,,,7.9,0,,,130.0,0,,,47.0,0,128.0,0,42.0,0,5.4,0
2022-08-16 08:57:49+00:00,58411,28,-3.79805,-32.37155,,,,,,,,,,,,,8.8,8,125,0,,,,,,2,,,,,,,,,,,,,1.94,2,,,,,7.9,0,,,132.0,0,,,47.0,0,128.0,0,40.0,0,6.0,0
2022-08-16 08:27:49+00:00,58410,28,-3.798067,-32.3716,,,,,,,,,,,,,8.0,8,142,0,,,,,26.8,0,,,,,,,,,,,,,1.99,2,,,,,7.9,0,,,131.0,0,,,48.0,0,122.0,0,41.0,0,5.9,0
2022-08-16 07:57:49+00:00,58409,28,-3.798067,-32.3716,,,,,,,,,,,,,8.0,0,160,0,,,,,,2,,,,,,,,,,,,,1.98,2,,,,,7.9,0,,,129.0,0,,,49.0,0,118.0,0,46.0,0,5.9,0
2022-08-16 07:27:49+00:00,58408,28,-3.798083,-32.371617,,,,,,,,,,,,,10.0,8,131,0,,,,,26.8,0,,,,,,,,,,,,,1.99,2,,,,,7.9,0,,,134.0,0,,,46.0,0,130.0,0,40.0,0,5.9,0
2022-08-16 06:57:49+00:00,58407,28,-3.798067,-32.3716,,,,,,,,,,,,,9.6,8,137,0,,,,,,2,,,,,,,,,,,,,1.93,2,,,,,7.9,0,,,136.0,0,,,46.0,0,133.0,0,38.0,0,5.9,0
2022-08-16 06:27:49+00:00,58406,28,-3.798083,-32.371633,,,,,,,,,,,,,9.6,0,137,0,,,,,26.8,0,,,,,,,,,,,,,2.04,2,,,,,7.9,0,,,136.0,0,,,46.0,0,132.0,0,33.0,0,5.9,0
2022-08-16 05:57:49+00:00,58405,28,-3.798083,-32.37165,,,,,,,,,,,,,8.8,8,142,0,,,,,,2,,,,,,,,,,,,,1.92,2,,,,,7.3,0,,,136.0,0,,,48.0,0,126.0,0,40.0,0,5.9,0
2022-08-16 05:27:49+00:00,58404,28,-3.79805,-32.371567,,,,,,,,,,,,,8.4,8,137,0,,,,,26.82,0,,,,,,,,,,,,,2.12,2,,,,,7.9,0,,,131.0,0,,,46.0,0,123.0,0,38.0,0,6.0,0
2022-08-16 04:57:49+00:00,58403,28,-3.79805,-32.371567,,,,,,,,,,,,,8.8,8,137,0,,,,,,2,,,,,,,,,,,,,1.98,2,,,,,7.9,0,,,132.0,0,,,47.0,0,122.0,0,38.0,0,5.7,0
2022-08-16 04:27:49+00:00,58402,28,-3.798067,-32.3716,,,,,,,,,,,,,10.0,8,137,0,,,,,26.82,0,,,,,,,,,,,,,2.09,2,,,,,7.9,0,,,137.0,0,,,45.0,0,129.0,0,33.0,0,6.0,0
2022-08-16 03:57:49+00:00,58401,28,-3.79805,-32.371583,,,,,,,,,,,,,8.4,8,154,0,,,,,,2,,,,,,,,,,,,,2.17,2,,,,,7.9,0,,,138.0,0,,,46.0,0,129.0,0,43.0,0,5.9,0
2022-08-16 03:27:49+00:00,58400,28,-3.79805,-32.371583,,,,,,,,,,,,,10.0,8,137,0,,,,,26.82,0,,,,,,,,,,,,,2.04,2,,,,,7.9,0,,,134.0,0,,,48.0,0,127.0,0,38.0,0,5.8,0
2022-08-16 02:57:49+00:00,58399,28,-3.7981,-32.371683,,,,,,,,,,,,,10.4,8,137,0,,,,,,2,,,,,,,,,,,,,2.06,2,,,,,7.3,0,,,136.0,0,,,47.0,0,127.0,0,38.0,0,5.7,0
2022-08-16 02:27:49+00:00,58398,28,-3.798083,-32.3716,,,,,,,,,,,,,10.0,8,142,0,,,,,26.82,0,,,,,,,,,,,,,2.16,2,,,,,7.3,0,,,137.0,0,,,45.0,0,132.0,0,41.0,0,5.7,0
2022-08-16 01:57:49+00:00,58397,28,-3.798083,-32.371633,,,,,,,,,,,,,10.8,8,137,0,,,,,,2,,,,,,,,,,,,,2.2,2,,,,,7.9,0,,,133.0,0,,,45.0,0,123.0,0,33.0,0,5.9,0
2022-08-16 01:27:49+00:00,58396,28,-3.798117,-32.37165,,,,,,,,,,,,,10.0,8,131,0,,,,,26.84,0,,,,,,,,,,,,,2.15,2,,,,,6.4,0,,,136.0,0,,,45.0,0,127.0,0,39.0,0,5.8,0
2022-08-16 00:57:49+00:00,58395,28,-3.7981,-32.371617,,,,,,,,,,,,,10.4,8,131,0,,,,,,2,,,,,,,,,,,,,2.07,2,,,,,8.5,0,,,135.0,0,,,43.0,0,129.0,0,37.0,0,5.7,0
2022-08-16 00:27:49+00:00,58394,28,-3.798083,-32.371567,,,,,,,,,,,,,9.6,8,131,0,,,,,26.84,0,,,,,,,,,,,,,2.12,2,,,,,7.9,0,,,131.0,0,,,43.0,0,121.0,0,37.0,0,5.7,0
2022-08-15 23:57:49+00:00,58393,28,-3.798083,-32.371567,,,,,,,,,,,,,10.4,8,131,0,,,,,,2,,,,,,,,,,,,,2.07,2,,,,,7.9,0,,,135.0,0,,,45.0,0,128.0,0,40.0,0,5.7,0
2022-08-15 23:27:49+00:00,58392,28,-3.798083,-32.371567,,,,,,,,,,,,,7.6,8,142,0,,,,,26.88,0,,,,,,,,,,,,,2.05,2,,,,,7.9,0,,,134.0,0,,,47.0,0,127.0,0,40.0,0,5.8,0
2022-08-15 22:57:49+00:00,58391,28,-3.798083,-32.371567,,,,,,,,,,,,,8.4,8,137,0,,,,,,2,,,,,,,,,,,,,2.14,2,,,,,7.9,0,,,134.0,0,,,43.0,0,129.0,0,31.0,0,5.8,0
2022-08-15 22:27:49+00:00,58390,28,-3.798067,-32.371567,,,,,,,,,,,,,9.2,8,148,0,,,,,26.88,0,,,,,,,,,,,,,2.05,2,,,,,7.9,0,,,135.0,0,,,47.0,0,126.0,0,38.0,0,5.9,0
2022-08-15 21:57:49+00:00,58389,28,-3.798067,-32.37155,,,,,,,,,,,,,9.2,0,137,0,,,,,,2,,,,,,,,,,,,,2.11,2,,,,,7.9,0,,,133.0,0,,,48.0,0,119.0,0,35.0,0,5.8,0
2022-08-15 21:27:49+00:00,58310,28,-3.798067,-32.371583,,,,,,,,,,,,,8.0,8,154,0,,,,,26.88,0,,,,,,,,,,,,,2.11,2,,,,,7.9,0,,,131.0,0,,,47.0,0,126.0,0,41.0,0,5.8,0
2022-08-15 20:57:49+00:00,58309,28,-3.798067,-32.371583,,,,,,,,,,,,,9.2,8,137,0,,,,,,2,,,,,,,,,,,,,1.98,2,,,,,7.3,0,,,131.0,0,,,49.0,0,123.0,0,43.0,0,5.8,0
2022-08-15 20:27:49+00:00,58304,28,-3.798067,-32.3716,,,,,,,,,,,,,9.2,0,142,0,,,,,26.88,0,,,,,,,,,,,,,2.16,2,,,,,7.9,0,,,133.0,0,,,46.0,0,129.0,0,37.0,0,5.8,0
2022-08-15 19:57:49+00:00,58303,28,-3.798067,-32.371583,,,,,,,,,,,,,9.2,0,148,0,,,,,,2,,,,,,,,,,,,,2.18,2,,,,,7.9,0,,,135.0,0,,,49.0,0,129.0,0,39.0,0,6.0,0
2022-08-15 19:27:49+00:00,58298,28,-3.7981,-32.371667,,,,,,,,,,,,,10.8,8,137,0,,,,,26.88,0,,,,,,,,,,,,,2.12,2,,,,,7.9,0,,,133.0,0,,,48.0,0,127.0,0,39.0,0,5.7,0
2022-08-15 18:57:49+00:00,58297,28,-3.7981,-32.371667,,,,,,,,,,,,,10.4,8,142,0,,,,,,2,,,,,,,,,,,,,2.22,2,,,,,7.3,0,,,135.0,0,,,46.0,0,128.0,0,35.0,0,5.9,0
2022-08-15 18:27:49+00:00,58290,28,-3.798083,-32.3716,,,,,,,,,,,,,9.2,8,154,0,,,,,26.92,0,,,,,,,,,,,,,2.2,2,,,,,7.9,0,,,133.0,0,,,46.0,0,116.0,0,34.0,0,5.7,0
2022-08-15 17:57:49+00:00,58289,28,-3.798083,-32.371583,,,,,,,,,,,,,9.2,0,154,0,,,,,,2,,,,,,,,,,,,,2.18,2,,,,,7.9,0,,,133.0,0,,,47.0,0,118.0,0,37.0,0,5.8,0
2022-08-15 17:27:49+00:00,58286,28,-3.798083,-32.37155,,,,,,,,,,,,,8.0,8,160,0,,,,,26.92,0,,,,,,,,,,,,,2.28,2,,,,,7.9,0,,,135.0,0,,,46.0,0,124.0,0,36.0,0,6.0,0
2022-08-15 16:57:49+00:00,58285,28,-3.798083,-32.3716,,,,,,,,,,,,,10.4,8,137,0,,,,,,2,,,,,,,,,,,,,2.21,2,,,,,7.9,0,,,133.0,0,,,47.0,0,126.0,0,37.0,0,6.0,0
2022-08-15 16:27:49+00:00,58278,28,-3.798083,-32.371633,,,,,,,,,,,,,9.2,8,160,0,,,,,26.92,0,,,,,,,,,,,,,2.17,2,,,,,7.9,0,,,134.0,0,,,49.0,0,124.0,0,38.0,0,6.0,0
2022-08-15 15:57:49+00:00,58277,28,-3.7981,-32.371683,,,,,,,,,,,,,10.0,8,142,0,,,,,,2,,,,,,,,,,,,,2.15,2,,,,,7.9,0,,,134.0,0,,,48.0,0,126.0,0,40.0,0,6.0,0
2022-08-15 15:27:49+00:00,58274,28,-3.7981,-32.37165,,,,,,,,,,,,,10.8,8,137,0,,,,,26.92,0,,,,,,,,,,,,,2.22,2,,,,,7.9,0,,,135.0,0,,,48.0,0,132.0,0,37.0,0,5.9,0
2022-08-15 14:57:49+00:00,58273,28,-3.7981,-32.37165,,,,,,,,,,,,,8.8,8,131,0,,,,,,2,,,,,,,,,,,,,2.17,2,,,,,7.9,0,,,135.0,0,,,48.0,0,130.0,0,38.0,0,6.0,0
2022-08-15 14:27:49+00:00,58266,28,-3.7981,-32.37165,,,,,,,,,,,,,9.2,8,137,0,,,,,26.88,0,,,,,,,,,,,,,2.23,2,,,,,7.9,0,,,135.0,0,,,45.0,0,125.0,0,38.0,0,5.9,0
2022-08-15 13:57:49+00:00,58265,28,-3.798117,-32.371667,,,,,,,,,,,,,9.2,0,131,0,,,,,,2,,,,,,,,,,,,,2.21,2,,,,,7.9,0,,,133.0,0,,,44.0,0,127.0,0,33.0,0,6.0,0
2022-08-15 13:27:49+00:00,58258,28,-3.798117,-32.3717,,,,,,,,,,,,,9.2,0,154,0,,,,,26.84,0,,,,,,,,,,,,,2.12,2,,,,,7.3,0,,,134.0,0,,,44.0,0,136.0,0,36.0,0,5.7,0
2022-08-15 12:57:49+00:00,58257,28,-3.798117,-32.3717,,,,,,,,,,,,,10.0,8,131,0,,,,,,2,,,,,,,,,,,,,2.23,2,,,,,7.9,0,,,132.0,0,,,44.0,0,131.0,0,36.0,0,5.8,0
2022-08-15 12:27:49+00:00,58250,28,-3.798133,-32.3717,,,,,,,,,,,,,8.8,8,142,0,,,,,26.82,0,,,,,,,,,,,,,2.26,2,,,,,7.3,0,,,136.0,0,,,44.0,0,137.0,0,34.0,0,6.0,0
2022-08-15 11:57:49+00:00,58249,28,-3.798133,-32.3717,,,,,,,,,,,,,8.4,8,148,0,,,,,,2,,,,,,,,,,,,,2.31,2,,,,,7.9,0,,,132.0,0,,,43.0,0,127.0,0,32.0,0,6.1,0
2022-08-15 11:27:49+00:00,58242,28,-3.79815,-32.371733,,,,,,,,,,,,,9.2,8,131,0,,,,,26.8,0,,,,,,,,,,,,,2.07,2,,,,,7.9,0,,,134.0,0,,,44.0,0,133.0,0,36.0,0,5.8,0
2022-08-15 10:57:49+00:00,58241,28,-3.798167,-32.371733,,,,,,,,,,,,,7.6,8,142,0,,,,,,2,,,,,,,,,,,,,2.11,2,,,,,7.9,0,,,133.0,0,,,43.0,0,127.0,0,37.0,0,5.7,0
2022-08-15 10:27:49+00:00,58234,28,-3.79815,-32.371717,,,,,,,,,,,,,8.8,8,137,0,,,,,26.78,0,,,,,,,,,,,,,2.05,2,,,,,6.4,0,,,138.0,0,,,41.0,0,142.0,0,35.0,0,5.8,0
2022-08-15 09:57:49+00:00,58233,28,-3.79815,-32.371717,,,,,,,,,,,,,9.2,8,137,0,,,,,,2,,,,,,,,,,,,,1.9,2,,,,,7.3,0,,,135.0,0,,,44.0,0,128.0,0,40.0,0,5.4,0
2022-08-15 09:27:49+00:00,58226,28,-3.79815,-32.371733,,,,,,,,,,,,,8.8,8,137,0,,,,,26.78,0,,,,,,,,,,,,,2.09,2,,,,,7.9,0,,,138.0,0,,,43.0,0,130.0,0,36.0,0,5.8,0
2022-08-15 08:57:49+00:00,58225,28,-3.798167,-32.371733,,,,,,,,,,,,,9.2,8,142,0,,,,,,2,,,,,,,,,,,,,2.09,2,,,,,7.3,0,,,139.0,0,,,45.0,0,135.0,0,35.0,0,5.8,0
2022-08-15 08:27:49+00:00,58218,28,-3.79815,-32.371717,,,,,,,,,,,,,10.4,8,137,0,,,,,26.78,0,,,,,,,,,,,,,2.12,2,,,,,7.3,0,,,142.0,0,,,44.0,0,138.0,0,38.0,0,5.9,0
2022-08-15 07:57:49+00:00,58217,28,-3.798183,-32.37175,,,,,,,,,,,,,8.4,8,154,0,,,,,,2,,,,,,,,,,,,,2.12,2,,,,,7.3,0,,,140.0,0,,,43.0,0,139.0,0,34.0,0,6.0,0
2022-08-15 07:27:49+00:00,58210,28,-3.79815,-32.371733,,,,,,,,,,,,,8.8,8,142,0,,,,,26.76,0,,,,,,,,,,,,,2.08,2,,,,,7.3,0,,,137.0,0,,,42.0,0,134.0,0,37.0,0,5.9,0
2022-08-15 06:57:49+00:00,58209,28,-3.79815,-32.3717,,,,,,,,,,,,,9.2,8,137,0,,,,,,2,,,,,,,,,,,,,2.06,2,,,,,7.9,0,,,140.0,0,,,43.0,0,136.0,0,36.0,0,6.0,0
2022-08-15 06:27:49+00:00,58202,28,-3.798117,-32.37165,,,,,,,,,,,,,8.4,8,137,0,,,,,26.76,0,,,,,,,,,,,,,1.93,2,,,,,7.9,0,,,137.0,0,,,46.0,0,131.0,0,36.0,0,5.9,0
2022-08-15 05:57:49+00:00,58201,28,-3.798083,-32.3716,,,,,,,,,,,,,7.6,8,142,0,,,,,,2,,,,,,,,,,,,,1.89,2,,,,,7.9,0,,,137.0,0,,,44.0,0,122.0,0,34.0,0,5.9,0
2022-08-15 05:27:49+00:00,58194,28,-3.798067,-32.371533,,,,,,,,,,,,,8.4,8,142,0,,,,,26.78,0,,,,,,,,,,,,,1.98,2,,,,,6.8,0,,,137.0,0,,,44.0,0,133.0,0,35.0,0,5.9,0
2022-08-15 04:57:49+00:00,58193,28,-3.798083,-32.3716,,,,,,,,,,,,,8.4,0,137,0,,,,,,2,,,,,,,,,,,,,1.92,2,,,,,6.8,0,,,136.0,0,,,44.0,0,140.0,0,37.0,0,5.9,0
2022-08-15 04:27:49+00:00,58184,28,-3.798117,-32.3717,,,,,,,,,,,,,8.4,0,160,0,,,,,26.78,0,,,,,,,,,,,,,1.95,2,,,,,7.3,0,,,136.0,0,,,45.0,0,131.0,0,37.0,0,5.8,0
2022-08-15 03:57:49+00:00,58183,28,-3.798117,-32.371717,,,,,,,,,,,,,8.4,0,142,0,,,,,,2,,,,,,,,,,,,,1.96,2,,,,,7.3,0,,,135.0,0,,,44.0,0,129.0,0,36.0,0,5.8,0
2022-08-15 03:27:49+00:00,58178,28,-3.798133,-32.371717,,,,,,,,,,,,,8.8,8,148,0,,,,,26.8,0,,,,,,,,,,,,,1.94,2,,,,,7.3,0,,,135.0,0,,,45.0,0,132.0,0,38.0,0,5.7,0
2022-08-15 02:57:49+00:00,58177,28,-3.79815,-32.371717,,,,,,,,,,,,,9.2,8,148,0,,,,,,2,,,,,,,,,,,,,1.92,2,,,,,7.3,0,,,135.0,0,,,46.0,0,130.0,0,35.0,0,5.7,0
2022-08-15 02:27:49+00:00,58170,28,-3.798133,-32.3717,,,,,,,,,,,,,10.0,8,137,0,,,,,26.78,0,,,,,,,,,,,,,1.95,2,,,,,7.3,0,,,137.0,0,,,45.0,0,139.0,0,37.0,0,5.7,0
2022-08-15 01:57:49+00:00,58169,28,-3.7981,-32.37165,,,,,,,,,,,,,9.2,8,148,0,,,,,,2,,,,,,,,,,,,,1.99,2,,,,,7.3,0,,,134.0,0,,,45.0,0,127.0,0,34.0,0,5.6,0
2022-08-15 01:27:49+00:00,58162,28,-3.79815,-32.371717,,,,,,,,,,,,,9.6,8,137,0,,,,,26.82,0,,,,,,,,,,,,,2.03,2,,,,,6.8,0,,,135.0,0,,,44.0,0,138.0,0,33.0,0,5.6,0
2022-08-15 00:57:49+00:00,58161,28,-3.798133,-32.3717,,,,,,,,,,,,,8.4,8,142,0,,,,,,2,,,,,,,,,,,,,1.88,2,,,,,6.4,0,,,136.0,0,,,43.0,0,135.0,0,35.0,0,5.4,0
2022-08-15 00:27:49+00:00,58154,28,-3.79815,-32.371717,,,,,,,,,,,,,8.8,0,154,0,,,,,26.82,0,,,,,,,,,,,,,2.0,2,,,,,6.8,0,,,136.0,0,,,42.0,0,137.0,0,34.0,0,5.5,0
2022-08-14 23:57:49+00:00,58153,28,-3.79815,-32.371717,,,,,,,,,,,,,10.0,0,131,0,,,,,,2,,,,,,,,,,,,,1.92,2,,,,,6.0,0,,,137.0,0,,,43.0,0,141.0,0,35.0,0,5.4,0
2022-08-14 23:27:49+00:00,58146,28,-3.798167,-32.371717,,,,,,,,,,,,,9.6,8,131,0,,,,,26.8,0,,,,,,,,,,,,,1.71,2,,,,,6.8,0,,,135.0,0,,,42.0,0,138.0,0,35.0,0,5.0,0
2022-08-14 22:57:49+00:00,58145,28,-3.798183,-32.371733,,,,,,,,,,,,,9.6,0,137,0,,,,,,2,,,,,,,,,,,,,1.8,2,,,,,6.0,0,,,134.0,0,,,41.0,0,141.0,0,34.0,0,5.1,0
2022-08-14 22:27:49+00:00,58138,28,-3.798167,-32.371683,,,,,,,,,,,,,8.8,8,137,0,,,,,26.8,0,,,,,,,,,,,,,1.9,2,,,,,6.4,0,,,133.0,0,,,42.0,0,132.0,0,33.0,0,5.5,0
2022-08-14 21:57:49+00:00,58137,28,-3.798167,-32.371683,,,,,,,,,,,,,8.8,0,142,0,,,,,,2,,,,,,,,,,,,,1.79,2,,,,,7.3,0,,,132.0,0,,,43.0,0,129.0,0,32.0,0,5.4,0
2022-08-14 21:27:49+00:00,58130,28,-3.79815,-32.37165,,,,,,,,,,,,,9.2,0,131,0,,,,,26.82,0,,,,,,,,,,,,,1.86,2,,,,,7.3,0,,,132.0,0,,,43.0,0,126.0,0,34.0,0,5.3,0
2022-08-14 20:57:49+00:00,58129,28,-3.79815,-32.371683,,,,,,,,,,,,,7.6,8,131,0,,,,,,2,,,,,,,,,,,,,1.76,2,,,,,7.3,0,,,131.0,0,,,45.0,0,121.0,0,38.0,0,5.5,0
2022-08-14 20:27:49+00:00,58122,28,-3.798183,-32.371733,,,,,,,,,,,,,9.2,0,131,0,,,,,26.84,0,,,,,,,,,,,,,1.75,2,,,,,6.8,0,,,131.0,0,,,45.0,0,136.0,0,37.0,0,5.3,0
2022-08-14 19:57:49+00:00,58121,28,-3.798183,-32.371733,,,,,,,,,,,,,8.4,8,160,0,,,,,,2,,,,,,,,,,,,,1.7,2,,,,,6.4,0,,,132.0,0,,,47.0,0,134.0,0,37.0,0,5.5,0
2022-08-14 19:27:49+00:00,58114,28,-3.798167,-32.371733,,,,,,,,,,,,,7.6,8,131,0,,,,,26.86,0,,,,,,,,,,,,,1.68,2,,,,,7.3,0,,,133.0,0,,,47.0,0,122.0,0,38.0,0,5.4,0
2022-08-14 18:57:49+00:00,58113,28,-3.79815,-32.371733,,,,,,,,,,,,,8.4,0,160,0,,,,,,2,,,,,,,,,,,,,1.77,2,,,,,6.8,0,,,133.0,0,,,48.0,0,134.0,0,36.0,0,5.5,0
2022-08-14 18:27:49+00:00,58106,28,-3.798133,-32.371717,,,,,,,,,,,,,8.8,0,137,0,,,,,26.88,0,,,,,,,,,,,,,1.82,2,,,,,6.8,0,,,132.0,0,,,48.0,0,133.0,0,34.0,0,5.6,0
2022-08-14 17:57:49+00:00,58105,28,-3.798133,-32.371717,,,,,,,,,,,,,8.8,0,142,0,,,,,,2,,,,,,,,,,,,,1.89,2,,,,,7.3,0,,,130.0,0,,,46.0,0,123.0,0,35.0,0,5.6,0
2022-08-14 17:27:49+00:00,58098,28,-3.79815,-32.37175,,,,,,,,,,,,,9.2,0,137,0,,,,,26.84,0,,,,,,,,,,,,,1.83,2,,,,,7.3,0,,,132.0,0,,,45.0,0,131.0,0,36.0,0,5.5,0
2022-08-14 16:57:49+00:00,58097,28,-3.798133,-32.371733,,,,,,,,,,,,,8.4,8,142,0,,,,,,2,,,,,,,,,,,,,1.9,2,,,,,6.8,0,,,131.0,0,,,43.0,0,132.0,0,31.0,0,5.6,0
2022-08-14 16:27:49+00:00,58088,28,-3.79815,-32.371733,,,,,,,,,,,,,9.6,0,131,0,,,,,26.84,0,,,,,,,,,,,,,1.9,2,,,,,7.3,0,,,128.0,0,,,45.0,0,123.0,0,36.0,0,5.5,0
2022-08-14 15:57:49+00:00,58087,28,-3.79815,-32.37175,,,,,,,,,,,,,8.4,8,131,0,,,,,,2,,,,,,,,,,,,,1.9,2,,,,,7.3,0,,,129.0,0,,,46.0,0,127.0,0,35.0,0,5.5,0
2022-08-14 15:27:49+00:00,58082,28,-3.798167,-32.37175,,,,,,,,,,,,,10.0,0,131,0,,,,,26.84,0,,,,,,,,,,,,,2.02,2,,,,,6.8,0,,,134.0,0,,,42.0,0,141.0,0,31.0,0,5.6,0
2022-08-14 14:57:49+00:00,58081,28,-3.798133,-32.37175,,,,,,,,,,,,,8.8,8,120,0,,,,,,2,,,,,,,,,,,,,1.93,2,,,,,6.4,0,,,133.0,0,,,43.0,0,137.0,0,31.0,0,5.6,0
2022-08-14 14:27:49+00:00,58074,28,-3.798183,-32.37175,,,,,,,,,,,,,8.0,8,125,0,,,,,26.78,0,,,,,,,,,,,,,2.02,2,,,,,7.3,0,,,131.0,0,,,42.0,0,130.0,0,33.0,0,5.8,0
2022-08-14 13:57:49+00:00,58073,28,-3.798183,-32.37175,,,,,,,,,,,,,8.4,0,125,0,,,,,,2,,,,,,,,,,,,,1.81,2,,,,,6.8,0,,,133.0,0,,,42.0,0,138.0,0,32.0,0,5.4,0
2022-08-14 13:27:49+00:00,58066,28,-3.798167,-32.37175,,,,,,,,,,,,,8.8,0,125,0,,,,,26.78,0,,,,,,,,,,,,,1.94,2,,,,,6.8,0,,,132.0,0,,,40.0,0,133.0,0,33.0,0,5.5,0
2022-08-14 12:57:49+00:00,58065,28,-3.798167,-32.37175,,,,,,,,,,,,,10.0,0,131,0,,,,,,2,,,,,,,,,,,,,1.67,2,,,,,7.3,0,,,132.0,0,,,43.0,0,131.0,0,36.0,0,5.0,0
2022-08-14 12:27:49+00:00,58058,28,-3.79815,-32.371733,,,,,,,,,,,,,9.6,8,142,0,,,,,26.76,0,,,,,,,,,,,,,2.1,2,,,,,6.4,0,,,136.0,0,,,48.0,0,139.0,0,39.0,0,5.8,0
2022-08-14 11:57:49+00:00,58057,28,-3.79815,-32.37175,,,,,,,,,,,,,10.0,0,131,0,,,,,,2,,,,,,,,,,,,,2.0,2,,,,,6.8,0,,,135.0,0,,,44.0,0,140.0,0,35.0,0,5.4,0
2022-08-14 11:27:49+00:00,58050,28,-3.798133,-32.3717,,,,,,,,,,,,,8.8,8,131,0,,,,,26.72,0,,,,,,,,,,,,,1.83,2,,,,,7.3,0,,,134.0,0,,,43.0,0,128.0,0,36.0,0,5.2,0
2022-08-14 10:57:49+00:00,58049,28,-3.798133,-32.3717,,,,,,,,,,,,,9.6,0,137,0,,,,,,2,,,,,,,,,,,,,1.87,2,,,,,5.7,0,,,134.0,0,,,42.0,0,139.0,0,35.0,0,5.1,0
2022-08-14 10:27:49+00:00,58042,28,-3.798133,-32.371683,,,,,,,,,,,,,9.6,0,137,0,,,,,26.7,0,,,,,,,,,,,,,1.82,2,,,,,6.4,0,,,136.0,0,,,43.0,0,139.0,0,32.0,0,5.1,0
2022-08-14 09:57:49+00:00,58041,28,-3.798133,-32.3717,,,,,,,,,,,,,9.2,8,142,0,,,,,,2,,,,,,,,,,,,,1.85,2,,,,,6.4,0,,,134.0,0,,,44.0,0,141.0,0,33.0,0,5.3,0
2022-08-14 09:27:49+00:00,58034,28,-3.79815,-32.3717,,,,,,,,,,,,,9.6,0,137,0,,,,,26.68,0,,,,,,,,,,,,,,2,,,,,,0,,,,0,,,,0,,0,,0,,2
2022-08-14 08:57:49+00:00,58033,28,-3.79815,-32.3717,,,,,,,,,,,,,8.8,8,148,0,,,,,,2,,,,,,,,,,,,,1.71,2,,,,,7.3,0,,,134.0,0,,,45.0,0,134.0,0,34.0,0,5.2,0
2022-08-14 08:27:49+00:00,58026,28,-3.79815,-32.371717,,,,,,,,,,,,,8.4,8,137,0,,,,,26.68,0,,,,,,,,,,,,,1.67,2,,,,,7.3,0,,,131.0,0,,,47.0,0,125.0,0,36.0,0,5.4,0
2022-08-14 07:57:49+00:00,58025,28,-3.798167,-32.371717,,,,,,,,,,,,,8.8,0,154,0,,,,,,2,,,,,,,,,,,,,1.68,2,,,,,6.8,0,,,135.0,0,,,48.0,0,136.0,0,35.0,0,5.3,0
2022-08-14 07:27:49+00:00,58018,28,-3.79815,-32.371683,,,,,,,,,,,,,8.0,8,160,0,,,,,26.68,0,,,,,,,,,,,,,1.78,2,,,,,7.3,0,,,133.0,0,,,44.0,0,135.0,0,34.0,0,5.3,0
2022-08-14 06:57:49+00:00,58017,28,-3.79815,-32.371717,,,,,,,,,,,,,9.2,0,137,0,,,,,,2,,,,,,,,,,,,,1.79,2,,,,,6.4,0,,,131.0,0,,,45.0,0,129.0,0,33.0,0,5.2,0
2022-08-14 06:27:49+00:00,58010,28,-3.798133,-32.371683,,,,,,,,,,,,,9.2,0,137,0,,,,,26.66,0,,,,,,,,,,,,,1.74,2,,,,,6.4,0,,,134.0,0,,,47.0,0,133.0,0,34.0,0,5.2,0
2022-08-14 05:57:49+00:00,58009,28,-3.798133,-32.371683,,,,,,,,,,,,,9.2,0,131,0,,,,,,2,,,,,,,,,,,,,1.75,2,,,,,6.0,0,,,132.0,0,,,45.0,0,138.0,0,31.0,0,5.1,0
2022-08-14 05:27:49+00:00,58002,28,-3.798117,-32.3717,,,,,,,,,,,,,9.2,0,137,0,,,,,26.68,0,,,,,,,,,,,,,1.73,2,,,,,6.4,0,,,129.0,0,,,46.0,0,134.0,0,30.0,0,5.2,0
2022-08-14 04:57:49+00:00,58001,28,-3.798117,-32.3717,,,,,,,,,,,,,9.2,0,137,0,,,,,,2,,,,,,,,,,,,,1.72,2,,,,,6.4,0,,,131.0,0,,,45.0,0,136.0,0,33.0,0,5.2,0
2022-08-14 04:27:49+00:00,57994,28,-3.798117,-32.3717,,,,,,,,,,,,,8.4,8,142,0,,,,,26.66,0,,,,,,,,,,,,,1.67,2,,,,,6.4,0,,,130.0,0,,,45.0,0,125.0,0,28.0,0,5.2,0
2022-08-14 03:57:49+00:00,57993,28,-3.798083,-32.3716,,,,,,,,,,,,,7.6,8,131,0,,,,,,2,,,,,,,,,,,,,1.57,2,,,,,7.3,0,,,127.0,0,,,47.0,0,117.0,0,34.0,0,5.1,0
2022-08-14 03:27:49+00:00,57984,28,-3.798083,-32.371517,,,,,,,,,,,,,7.2,8,148,0,,,,,26.68,0,,,,,,,,,,,,,1.6,2,,,,,6.4,0,,,131.0,0,,,44.0,0,130.0,0,33.0,0,5.0,0
2022-08-14 02:57:49+00:00,57983,28,-3.798083,-32.371483,,,,,,,,,,,,,8.0,0,120,0,,,,,,2,,,,,,,,,,,,,1.64,2,,,,,7.3,0,,,122.0,0,,,48.0,0,115.0,0,35.0,0,5.3,0
2022-08-14 02:27:49+00:00,57978,28,-3.798067,-32.371567,,,,,,,,,,,,,8.0,0,125,0,,,,,26.68,0,,,,,,,,,,,,,1.66,2,,,,,6.0,0,,,120.0,0,,,47.0,0,125.0,0,35.0,0,5.3,0
2022-08-14 01:57:49+00:00,57977,28,-3.798083,-32.371633,,,,,,,,,,,,,8.8,0,125,0,,,,,,2,,,,,,,,,,,,,1.54,2,,,,,7.3,0,,,124.0,0,,,49.0,0,112.0,0,36.0,0,5.1,0
2022-08-14 01:27:49+00:00,57970,28,-3.798117,-32.3717,,,,,,,,,,,,,8.4,8,131,0,,,,,26.68,0,,,,,,,,,,,,,1.56,2,,,,,6.4,0,,,126.0,0,,,51.0,0,123.0,0,42.0,0,5.2,0
2022-08-14 00:57:49+00:00,57969,28,-3.798117,-32.3717,,,,,,,,,,,,,8.4,0,137,0,,,,,,2,,,,,,,,,,,,,1.63,2,,,,,6.4,0,,,125.0,0,,,52.0,0,130.0,0,37.0,0,5.6,0
2022-08-14 00:27:49+00:00,57962,28,-3.7981,-32.371683,,,,,,,,,,,,,8.0,8,120,0,,,,,26.7,0,,,,,,,,,,,,,1.58,2,,,,,7.9,0,,,122.0,0,,,48.0,0,101.0,0,37.0,0,5.1,0
2022-08-13 23:57:49+00:00,57961,28,-3.7981,-32.371633,,,,,,,,,,,,,8.4,0,125,0,,,,,,2,,,,,,,,,,,,,1.56,2,,,,,6.0,0,,,122.0,0,,,48.0,0,128.0,0,38.0,0,5.0,0
2022-08-13 23:27:49+00:00,57954,28,-3.798133,-32.371683,,,,,,,,,,,,,8.8,0,125,0,,,,,26.72,0,,,,,,,,,,,,,1.64,2,,,,,7.9,0,,,123.0,0,,,49.0,0,109.0,0,38.0,0,5.2,0
2022-08-13 22:57:49+00:00,57953,28,-3.798133,-32.371683,,,,,,,,,,,,,8.4,8,148,0,,,,,,2,,,,,,,,,,,,,1.51,2,,,,,6.4,0,,,125.0,0,,,48.0,0,130.0,0,34.0,0,5.1,0
2022-08-13 22:27:49+00:00,57946,28,-3.79815,-32.371683,,,,,,,,,,,,,8.4,0,120,0,,,,,26.72,0,,,,,,,,,,,,,1.53,2,,,,,5.4,0,,,122.0,0,,,49.0,0,128.0,0,40.0,0,5.0,0
2022-08-13 21:57:49+00:00,57945,28,-3.79815,-32.371683,,,,,,,,,,,,,9.2,0,125,0,,,,,,2,,,,,,,,,,,,,1.44,2,,,,,6.4,0,,,123.0,0,,,50.0,0,126.0,0,41.0,0,5.1,0
2022-08-13 21:27:49+00:00,57938,28,-3.798167,-32.371717,,,,,,,,,,,,,8.8,8,125,0,,,,,26.72,0,,,,,,,,,,,,,1.46,2,,,,,7.9,0,,,123.0,0,,,48.0,0,111.0,0,33.0,0,5.1,0
2022-08-13 20:57:49+00:00,57937,28,-3.798167,-32.371717,,,,,,,,,,,,,8.8,0,131,0,,,,,,2,,,,,,,,,,,,,1.48,2,,,,,7.9,0,,,125.0,0,,,48.0,0,114.0,0,34.0,0,5.3,0
2022-08-13 20:27:49+00:00,57930,28,-3.798133,-32.371667,,,,,,,,,,,,,9.2,0,125,0,,,,,26.74,0,,,,,,,,,,,,,1.41,2,,,,,7.9,0,,,123.0,0,,,51.0,0,106.0,0,33.0,0,5.0,0
2022-08-13 19:57:49+00:00,57929,28,-3.798133,-32.37165,,,,,,,,,,,,,8.8,8,125,0,,,,,,2,,,,,,,,,,,,,1.48,2,,,,,6.0,0,,,123.0,0,,,48.0,0,123.0,0,37.0,0,5.1,0
2022-08-13 19:27:49+00:00,57922,28,-3.798117,-32.371633,,,,,,,,,,,,,8.8,0,120,0,,,,,26.68,0,,,,,,,,,,,,,1.46,2,,,,,7.3,0,,,124.0,0,,,46.0,0,116.0,0,33.0,0,4.9,0
2022-08-13 18:57:49+00:00,57921,28,-3.7981,-32.371617,,,,,,,,,,,,,9.6,0,120,0,,,,,,2,,,,,,,,,,,,,1.45,2,,,,,6.4,0,,,122.0,0,,,48.0,0,127.0,0,35.0,0,4.8,0
2022-08-13 18:27:49+00:00,57914,28,-3.798067,-32.371583,,,,,,,,,,,,,9.2,8,114,0,,,,,26.72,0,,,,,,,,,,,,,1.44,2,,,,,5.4,0,,,119.0,0,,,47.0,0,130.0,0,40.0,0,4.8,0
2022-08-13 17:57:49+00:00,57913,28,-3.798067,-32.3716,,,,,,,,,,,,,8.4,8,120,0,,,,,,2,,,,,,,,,,,,,1.81,2,,,,,25.6,0,,,118.0,0,,,59.0,0,357.0,0,78.0,0,6.9,0
2022-08-13 17:27:49+00:00,57906,28,-3.798067,-32.371667,,,,,,,,,,,,,7.2,8,125,0,,,,,26.8,0,,,,,,,,,,,,,1.47,2,,,,,7.3,0,,,118.0,0,,,50.0,0,109.0,0,32.0,0,5.2,0
2022-08-13 16:57:49+00:00,57905,28,-3.798067,-32.371667,,,,,,,,,,,,,8.4,8,131,0,,,,,,2,,,,,,,,,,,,,1.4,2,,,,,7.3,0,,,120.0,0,,,53.0,0,110.0,0,35.0,0,5.3,0
2022-08-13 16:27:49+00:00,57898,28,-3.798067,-32.371667,,,,,,,,,,,,,8.4,0,160,0,,,,,26.78,0,,,,,,,,,,,,,1.48,2,,,,,7.9,0,,,119.0,0,,,54.0,0,107.0,0,36.0,0,5.7,0
2022-08-13 15:57:49+00:00,57897,28,-3.798067,-32.371683,,,,,,,,,,,,,8.8,8,154,0,,,,,,2,,,,,,,,,,,,,1.38,2,,,,,7.3,0,,,122.0,0,,,53.0,0,115.0,0,39.0,0,5.2,0
2022-08-13 15:27:49+00:00,57890,28,-3.798083,-32.371683,,,,,,,,,,,,,5.6,8,137,0,,,,,26.74,0,,,,,,,,,,,,,1.37,2,,,,,7.9,0,,,118.0,0,,,53.0,0,103.0,0,40.0,0,5.4,0
2022-08-13 14:57:49+00:00,57889,28,-3.798083,-32.371683,,,,,,,,,,,,,7.2,8,160,0,,,,,,2,,,,,,,,,,,,,1.31,2,,,,,7.9,0,,,124.0,0,,,52.0,0,116.0,0,38.0,0,5.4,0
2022-08-13 14:27:49+00:00,57882,28,-3.7981,-32.371717,,,,,,,,,,,,,8.0,8,154,0,,,,,26.76,0,,,,,,,,,,,,,1.33,2,,,,,7.3,0,,,125.0,0,,,49.0,0,117.0,0,36.0,0,5.2,0
2022-08-13 13:57:49+00:00,57881,28,-3.7981,-32.371717,,,,,,,,,,,,,7.6,8,154,0,,,,,,2,,,,,,,,,,,,,1.4,2,,,,,7.9,0,,,124.0,0,,,53.0,0,112.0,0,41.0,0,5.5,0
2022-08-13 13:27:49+00:00,57872,28,-3.7981,-32.371717,,,,,,,,,,,,,8.0,8,148,0,,,,,26.66,0,,,,,,,,,,,,,1.42,2,,,,,7.9,0,,,125.0,0,,,52.0,0,110.0,0,35.0,0,5.4,0
2022-08-13 12:57:49+00:00,57871,28,-3.7981,-32.371717,,,,,,,,,,,,,8.4,8,165,0,,,,,,2,,,,,,,,,,,,,1.41,2,,,,,7.9,0,,,121.0,0,,,49.0,0,108.0,0,35.0,0,5.4,0
2022-08-13 12:27:49+00:00,57864,28,-3.798133,-32.371717,,,,,,,,,,,,,8.0,8,165,0,,,,,26.66,0,,,,,,,,,,,,,1.44,2,,,,,7.9,0,,,124.0,0,,,47.0,0,112.0,0,33.0,0,5.5,0
2022-08-13 11:57:49+00:00,57863,28,-3.798133,-32.371717,,,,,,,,,,,,,6.0,8,131,0,,,,,,2,,,,,,,,,,,,,1.46,2,,,,,7.9,0,,,128.0,0,,,49.0,0,118.0,0,41.0,0,5.5,0
2022-08-13 11:27:49+00:00,57858,28,-3.798133,-32.371733,,,,,,,,,,,,,6.0,0,148,0,,,,,26.58,0,,,,,,,,,,,,,1.43,2,,,,,7.3,0,,,128.0,0,,,47.0,0,116.0,0,35.0,0,5.6,0
2022-08-13 10:57:49+00:00,57857,28,-3.798133,-32.371733,,,,,,,,,,,,,7.6,8,154,0,,,,,,2,,,,,,,,,,,,,1.55,2,,,,,7.3,0,,,129.0,0,,,44.0,0,119.0,0,34.0,0,5.6,0
2022-08-13 10:27:49+00:00,57850,28,-3.7981,-32.371633,,,,,,,,,,,,,7.2,8,137,0,,,,,26.56,0,,,,,,,,,,,,,1.54,2,,,,,7.9,0,,,126.0,0,,,44.0,0,115.0,0,30.0,0,5.5,0
2022-08-13 09:57:49+00:00,57849,28,-3.7981,-32.371633,,,,,,,,,,,,,8.8,8,137,0,,,,,,2,,,,,,,,,,,,,1.39,2,,,,,7.3,0,,,128.0,0,,,44.0,0,122.0,0,33.0,0,5.0,0
2022-08-13 09:27:49+00:00,57842,28,-3.7981,-32.371633,,,,,,,,,,,,,7.6,8,137,0,,,,,26.54,0,,,,,,,,,,,,,1.54,2,,,,,7.9,0,,,127.0,0,,,41.0,0,123.0,0,30.0,0,5.3,0
2022-08-13 08:57:49+00:00,57841,28,-3.7981,-32.371617,,,,,,,,,,,,,7.6,0,131,0,,,,,,2,,,,,,,,,,,,,1.56,2,,,,,7.9,0,,,127.0,0,,,43.0,0,116.0,0,30.0,0,5.4,0
2022-08-13 08:27:49+00:00,57834,28,-3.7981,-32.371583,,,,,,,,,,,,,7.6,0,137,0,,,,,26.54,0,,,,,,,,,,,,,1.59,2,,,,,7.3,0,,,129.0,0,,,43.0,0,118.0,0,35.0,0,5.2,0
2022-08-13 07:57:49+00:00,57833,28,-3.7981,-32.3715,,,,,,,,,,,,,7.6,0,137,0,,,,,,2,,,,,,,,,,,,,1.65,2,,,,,7.9,0,,,127.0,0,,,44.0,0,118.0,0,29.0,0,5.4,0
2022-08-13 07:27:49+00:00,57826,28,-3.798083,-32.371533,,,,,,,,,,,,,7.2,8,131,0,,,,,26.56,0,,,,,,,,,,,,,1.64,2,,,,,7.9,0,,,126.0,0,,,44.0,0,114.0,0,32.0,0,5.4,0
2022-08-13 06:57:49+00:00,57825,28,-3.798083,-32.371533,,,,,,,,,,,,,7.6,8,154,0,,,,,,2,,,,,,,,,,,,,1.63,2,,,,,7.3,0,,,128.0,0,,,47.0,0,121.0,0,34.0,0,5.4,0
2022-08-13 06:27:49+00:00,57818,28,-3.7981,-32.371633,,,,,,,,,,,,,8.0,8,131,0,,,,,26.56,0,,,,,,,,,,,,,1.73,2,,,,,7.3,0,,,125.0,0,,,47.0,0,117.0,0,36.0,0,5.6,0
2022-08-13 05:57:49+00:00,57817,28,-3.7981,-32.37165,,,,,,,,,,,,,7.2,8,125,0,,,,,,2,,,,,,,,,,,,,1.7,2,,,,,7.9,0,,,126.0,0,,,47.0,0,113.0,0,34.0,0,5.4,0
2022-08-13 05:27:49+00:00,57808,28,-3.798083,-32.371633,,,,,,,,,,,,,9.2,8,131,0,,,,,26.58,0,,,,,,,,,,,,,1.77,2,,,,,7.9,0,,,129.0,0,,,45.0,0,122.0,0,33.0,0,5.4,0
2022-08-13 04:57:49+00:00,57807,28,-3.798083,-32.37165,,,,,,,,,,,,,8.8,8,131,0,,,,,,2,,,,,,,,,,,,,1.73,2,,,,,7.9,0,,,126.0,0,,,47.0,0,112.0,0,30.0,0,5.3,0
2022-08-13 04:27:49+00:00,57802,28,-3.7981,-32.37165,,,,,,,,,,,,,10.0,8,131,0,,,,,26.58,0,,,,,,,,,,,,,1.87,2,,,,,7.9,0,,,127.0,0,,,47.0,0,119.0,0,36.0,0,5.4,0
2022-08-13 03:57:49+00:00,57801,28,-3.7981,-32.37165,,,,,,,,,,,,,9.6,8,142,0,,,,,,2,,,,,,,,,,,,,1.75,2,,,,,7.9,0,,,127.0,0,,,50.0,0,119.0,0,39.0,0,5.3,0
2022-08-13 03:27:49+00:00,57794,28,-3.798083,-32.37165,,,,,,,,,,,,,10.0,8,131,0,,,,,26.6,0,,,,,,,,,,,,,1.8,2,,,,,7.9,0,,,126.0,0,,,47.0,0,116.0,0,36.0,0,5.2,0
2022-08-13 02:57:49+00:00,57793,28,-3.7981,-32.371667,,,,,,,,,,,,,10.0,0,154,0,,,,,,2,,,,,,,,,,,,,1.75,2,,,,,7.9,0,,,126.0,0,,,50.0,0,117.0,0,39.0,0,5.2,0
2022-08-13 02:27:49+00:00,57786,28,-3.798083,-32.371617,,,,,,,,,,,,,10.8,8,131,0,,,,,26.62,0,,,,,,,,,,,,,1.74,2,,,,,7.9,0,,,124.0,0,,,51.0,0,114.0,0,36.0,0,5.1,0
2022-08-13 01:57:49+00:00,57785,28,-3.798083,-32.371633,,,,,,,,,,,,,8.8,8,137,0,,,,,,2,,,,,,,,,,,,,1.65,2,,,,,7.3,0,,,125.0,0,,,51.0,0,111.0,0,41.0,0,5.2,0
2022-08-13 01:27:49+00:00,57778,28,-3.798083,-32.37165,,,,,,,,,,,,,10.0,8,148,0,,,,,26.66,0,,,,,,,,,,,,,1.68,2,,,,,7.9,0,,,126.0,0,,,48.0,0,112.0,0,39.0,0,5.2,0
2022-08-13 00:57:49+00:00,57777,28,-3.798083,-32.371667,,,,,,,,,,,,,9.2,8,131,0,,,,,,2,,,,,,,,,,,,,1.73,2,,,,,7.9,0,,,124.0,0,,,47.0,0,119.0,0,36.0,0,5.3,0
2022-08-13 00:27:49+00:00,57770,28,-3.798117,-32.3717,,,,,,,,,,,,,8.8,8,131,0,,,,,26.68,0,,,,,,,,,,,,,1.63,2,,,,,7.9,0,,,126.0,0,,,49.0,0,114.0,0,39.0,0,5.1,0
2022-08-12 23:57:49+00:00,57769,28,-3.798117,-32.3717,,,,,,,,,,,,,9.6,0,154,0,,,,,,2,,,,,,,,,,,,,1.98,2,,,,,7.9,0,,,123.0,0,,,52.0,0,115.0,0,37.0,0,6.5,0
2022-08-12 23:27:49+00:00,57762,28,-3.798117,-32.3717,,,,,,,,,,,,,9.6,0,137,0,,,,,26.7,0,,,,,,,,,,,,,1.86,2,,,,,7.9,0,,,123.0,0,,,52.0,0,119.0,0,35.0,0,6.1,0
2022-08-17 23:27:49+00:00,58706,28,-3.798167,-32.371717,,,,,,,,,,,,,8.8,0,120,0,,,,,27.08,0,,,,,,,,,,,,,1.94,2,,,,,8.5,0,,,131.0,0,,,40.0,0,132.0,0,35.0,0,5.8,0
2022-08-17 22:57:49+00:00,58705,28,-3.798117,-32.371617,,,,,,,,,,,,,8.8,0,125,0,,,,,,2,,,,,,,,,,,,,2.01,2,,,,,7.9,0,,,130.0,0,,,41.0,0,118.0,0,37.0,0,5.7,0
2022-08-18 11:27:49+00:00,58802,28,-3.798233,-32.3718,,,,,,,,,,,,,7.6,0,114,0,,,,,27.02,0,,,,,,,,,,,,,2.27,2,,,,,9.3,0,,,142.0,0,,,41.0,0,150.0,0,29.0,0,6.6,0
2022-08-18 10:57:49+00:00,58801,28,-3.7982,-32.371767,,,,,,,,,,,,,8.0,8,131,0,,,,,,2,,,,,,,,,,,,,2.16,2,,,,,8.5,0,,,138.0,0,,,40.0,0,142.0,0,31.0,0,6.3,0
2022-08-18 10:27:49+00:00,58794,28,-3.798133,-32.371683,,,,,,,,,,,,,9.6,8,120,0,,,,,27.0,0,,,,,,,,,,,,,2.26,2,,,,,9.3,0,,,138.0,0,,,41.0,0,143.0,0,33.0,0,6.2,0
2022-08-18 09:57:49+00:00,58793,28,-3.7981,-32.371667,,,,,,,,,,,,,7.6,8,137,0,,,,,,2,,,,,,,,,,,,,2.04,2,,,,,9.3,0,,,138.0,0,,,45.0,0,143.0,0,35.0,0,5.9,0
2022-08-18 09:27:49+00:00,58786,28,-3.798083,-32.371633,,,,,,,,,,,,,8.4,8,108,0,,,,,26.98,0,,,,,,,,,,,,,2.27,2,,,,,9.3,0,,,136.0,0,,,46.0,0,149.0,0,34.0,0,6.4,0
2022-08-18 08:57:49+00:00,58785,28,-3.798067,-32.371633,,,,,,,,,,,,,8.4,0,125,0,,,,,,2,,,,,,,,,,,,,2.19,2,,,,,8.5,0,,,135.0,0,,,47.0,0,143.0,0,41.0,0,6.4,0
2022-08-18 08:27:49+00:00,58778,28,-3.798067,-32.37165,,,,,,,,,,,,,8.0,8,131,0,,,,,27.0,0,,,,,,,,,,,,,2.16,2,,,,,9.3,0,,,137.0,0,,,49.0,0,153.0,0,36.0,0,6.2,0
2022-08-18 07:57:49+00:00,58777,28,-3.7981,-32.3717,,,,,,,,,,,,,8.8,8,120,0,,,,,,2,,,,,,,,,,,,,2.2,2,,,,,8.5,0,,,140.0,0,,,50.0,0,142.0,0,43.0,0,6.5,0
2022-08-18 07:27:49+00:00,58770,28,-3.798167,-32.371783,,,,,,,,,,,,,8.4,8,114,0,,,,,27.0,0,,,,,,,,,,,,,2.42,2,,,,,8.5,0,,,141.0,0,,,56.0,0,141.0,0,43.0,0,7.3,0
2022-08-18 06:57:49+00:00,58769,28,-3.798133,-32.371783,,,,,,,,,,,,,8.0,8,131,0,,,,,,2,,,,,,,,,,,,,2.14,2,,,,,10.2,0,,,141.0,0,,,49.0,0,157.0,0,38.0,0,6.4,0
2022-08-18 06:27:49+00:00,58760,28,-3.798133,-32.37175,,,,,,,,,,,,,8.4,8,114,0,,,,,27.0,0,,,,,,,,,,,,,2.19,2,,,,,8.5,0,,,140.0,0,,,50.0,0,145.0,0,46.0,0,6.5,0
2022-08-18 05:57:49+00:00,58759,28,-3.79815,-32.371783,,,,,,,,,,,,,8.8,8,114,0,,,,,,2,,,,,,,,,,,,,2.15,2,,,,,9.3,0,,,139.0,0,,,49.0,0,148.0,0,39.0,0,6.5,0
2022-08-18 05:27:49+00:00,58752,28,-3.798167,-32.371767,,,,,,,,,,,,,8.4,8,114,0,,,,,27.0,0,,,,,,,,,,,,,2.12,2,,,,,8.5,0,,,140.0,0,,,49.0,0,141.0,0,43.0,0,6.3,0
2022-08-18 04:57:49+00:00,58751,28,-3.798167,-32.371767,,,,,,,,,,,,,9.6,8,142,0,,,,,,2,,,,,,,,,,,,,2.41,2,,,,,9.3,0,,,142.0,0,,,50.0,0,151.0,0,38.0,0,7.2,0
2022-08-18 04:27:49+00:00,58748,28,-3.7982,-32.3718,,,,,,,,,,,,,9.2,8,120,0,,,,,27.02,0,,,,,,,,,,,,,2.18,2,,,,,9.3,0,,,140.0,0,,,51.0,0,153.0,0,38.0,0,6.5,0
2022-08-18 03:57:49+00:00,58747,28,-3.798233,-32.371817,,,,,,,,,,,,,9.2,0,125,0,,,,,,2,,,,,,,,,,,,,2.09,2,,,,,7.9,0,,,138.0,0,,,45.0,0,132.0,0,39.0,0,6.3,0
2022-08-18 03:27:49+00:00,58738,28,-3.79825,-32.371817,,,,,,,,,,,,,8.8,8,120,0,,,,,27.02,0,,,,,,,,,,,,,2.11,2,,,,,7.9,0,,,135.0,0,,,42.0,0,136.0,0,31.0,0,6.2,0
2022-08-18 02:57:49+00:00,58737,28,-3.798267,-32.371833,,,,,,,,,,,,,8.8,0,114,0,,,,,,2,,,,,,,,,,,,,2.21,2,,,,,8.5,0,,,133.0,0,,,40.0,0,132.0,0,29.0,0,6.3,0
2022-08-18 02:27:49+00:00,58730,28,-3.798217,-32.371767,,,,,,,,,,,,,8.0,8,125,0,,,,,27.04,0,,,,,,,,,,,,,2.16,2,,,,,8.5,0,,,134.0,0,,,40.0,0,137.0,0,32.0,0,6.2,0
2022-08-18 01:57:49+00:00,58729,28,-3.79815,-32.371733,,,,,,,,,,,,,9.6,8,120,0,,,,,,2,,,,,,,,,,,,,2.09,2,,,,,9.3,0,,,130.0,0,,,40.0,0,139.0,0,32.0,0,6.1,0
2022-08-18 01:27:49+00:00,58722,28,-3.798133,-32.371667,,,,,,,,,,,,,7.6,8,114,0,,,,,27.02,0,,,,,,,,,,,,,1.99,2,,,,,7.9,0,,,130.0,0,,,42.0,0,122.0,0,36.0,0,5.9,0
2022-08-18 00:57:49+00:00,58721,28,-3.798133,-32.371683,,,,,,,,,,,,,8.8,8,120,0,,,,,,2,,,,,,,,,,,,,2.07,2,,,,,8.5,0,,,132.0,0,,,42.0,0,130.0,0,35.0,0,6.0,0
2022-08-18 00:27:49+00:00,58714,28,-3.798133,-32.371733,,,,,,,,,,,,,8.8,0,114,0,,,,,27.04,0,,,,,,,,,,,,,2.05,2,,,,,9.3,0,,,133.0,0,,,42.0,0,140.0,0,35.0,0,6.0,0
2022-08-17 23:57:49+00:00,58713,28,-3.79815,-32.371733,,,,,,,,,,,,,9.2,8,108,0,,,,,,2,,,,,,,,,,,,,2.09,2,,,,,9.3,0,,,134.0,0,,,42.0,0,140.0,0,32.0,0,6.2,0
2022-08-18 21:27:49+00:00,58878,28,-3.79805,-32.371617,,,,,,,,,,,,,10.0,0,137,0,,,,,27.04,0,,,,,,,,,,,,,2.38,2,,,,,8.5,0,,,134.0,0,,,47.0,0,136.0,0,37.0,0,6.4,0
2022-08-18 20:57:49+00:00,58877,28,-3.79805,-32.371633,,,,,,,,,,,,,9.6,8,120,0,,,,,,2,,,,,,,,,,,,,2.37,2,,,,,8.5,0,,,137.0,0,,,48.0,0,139.0,0,43.0,0,6.5,0
2022-08-18 20:27:49+00:00,58872,28,-3.798067,-32.371633,,,,,,,,,,,,,8.4,8,120,0,,,,,27.04,0,,,,,,,,,,,,,2.24,2,,,,,9.3,0,,,138.0,0,,,48.0,0,148.0,0,36.0,0,6.4,0
2022-08-18 19:57:49+00:00,58871,28,-3.798067,-32.371633,,,,,,,,,,,,,10.0,8,120,0,,,,,,2,,,,,,,,,,,,,2.22,2,,,,,9.3,0,,,132.0,0,,,48.0,0,140.0,0,37.0,0,6.3,0
2022-08-18 19:27:49+00:00,58866,28,-3.798083,-32.371667,,,,,,,,,,,,,9.2,8,108,0,,,,,27.08,0,,,,,,,,,,,,,2.25,2,,,,,9.3,0,,,136.0,0,,,49.0,0,145.0,0,39.0,0,6.4,0
2022-08-18 18:57:49+00:00,58865,28,-3.798083,-32.371667,,,,,,,,,,,,,8.4,8,114,0,,,,,,2,,,,,,,,,,,,,2.27,2,,,,,9.3,0,,,137.0,0,,,49.0,0,144.0,0,34.0,0,6.3,0
2022-08-18 18:27:49+00:00,58858,28,-3.798117,-32.3717,,,,,,,,,,,,,9.2,8,120,0,,,,,27.08,0,,,,,,,,,,,,,2.33,2,,,,,9.3,0,,,137.0,0,,,47.0,0,148.0,0,39.0,0,6.4,0
2022-08-18 17:57:49+00:00,58857,28,-3.798117,-32.371733,,,,,,,,,,,,,9.2,0,125,0,,,,,,2,,,,,,,,,,,,,2.22,2,,,,,7.9,0,,,140.0,0,,,48.0,0,139.0,0,42.0,0,6.0,0
2022-08-18 17:27:49+00:00,58850,28,-3.798167,-32.37175,,,,,,,,,,,,,9.6,8,102,0,,,,,27.06,0,,,,,,,,,,,,,2.14,2,,,,,8.5,0,,,138.0,0,,,48.0,0,145.0,0,40.0,0,6.0,0
2022-08-18 16:57:49+00:00,58849,28,-3.79815,-32.371733,,,,,,,,,,,,,9.6,0,114,0,,,,,,2,,,,,,,,,,,,,2.12,2,,,,,8.5,0,,,137.0,0,,,46.0,0,144.0,0,39.0,0,6.3,0
2022-08-18 16:27:49+00:00,58840,28,-3.79815,-32.371733,,,,,,,,,,,,,9.2,8,114,0,,,,,27.12,0,,,,,,,,,,,,,2.2,2,,,,,8.5,0,,,140.0,0,,,45.0,0,147.0,0,38.0,0,6.1,0
2022-08-18 15:57:49+00:00,58839,28,-3.79815,-32.37175,,,,,,,,,,,,,8.8,8,114,0,,,,,,2,,,,,,,,,,,,,2.17,2,,,,,9.3,0,,,141.0,0,,,47.0,0,152.0,0,32.0,0,6.2,0
2022-08-18 15:27:49+00:00,58834,28,-3.798183,-32.371783,,,,,,,,,,,,,9.2,8,120,0,,,,,27.08,0,,,,,,,,,,,,,2.27,2,,,,,9.3,0,,,143.0,0,,,46.0,0,155.0,0,35.0,0,6.3,0
2022-08-18 14:57:49+00:00,58833,28,-3.798217,-32.3718,,,,,,,,,,,,,9.2,0,108,0,,,,,,2,,,,,,,,,,,,,2.3,2,,,,,8.5,0,,,141.0,0,,,43.0,0,148.0,0,34.0,0,6.3,0
2022-08-18 14:27:49+00:00,58826,28,-3.7982,-32.371767,,,,,,,,,,,,,8.8,8,102,0,,,,,27.1,0,,,,,,,,,,,,,2.27,2,,,,,8.5,0,,,137.0,0,,,43.0,0,142.0,0,37.0,0,6.2,0
2022-08-18 13:57:49+00:00,58825,28,-3.798217,-32.371783,,,,,,,,,,,,,10.0,8,114,0,,,,,,2,,,,,,,,,,,,,2.24,2,,,,,9.3,0,,,137.0,0,,,44.0,0,149.0,0,34.0,0,6.2,0
2022-08-18 13:27:49+00:00,58818,28,-3.798183,-32.37175,,,,,,,,,,,,,9.2,8,120,0,,,,,27.04,0,,,,,,,,,,,,,2.21,2,,,,,9.3,0,,,141.0,0,,,44.0,0,146.0,0,34.0,0,6.3,0
2022-08-18 12:57:49+00:00,58817,28,-3.798167,-32.37175,,,,,,,,,,,,,10.4,8,114,0,,,,,,2,,,,,,,,,,,,,2.29,2,,,,,9.3,0,,,140.0,0,,,41.0,0,147.0,0,32.0,0,6.2,0
2022-08-18 12:27:49+00:00,58810,28,-3.798183,-32.37175,,,,,,,,,,,,,8.8,8,114,0,,,,,27.04,0,,,,,,,,,,,,,2.14,2,,,,,9.3,0,,,137.0,0,,,40.0,0,146.0,0,31.0,0,6.2,0
2022-08-18 11:57:49+00:00,58809,28,-3.7982,-32.37175,,,,,,,,,,,,,7.6,8,114,0,,,,,,2,,,,,,,,,,,,,2.36,2,,,,,9.3,0,,,140.0,0,,,40.0,0,149.0,0,29.0,0,6.4,0
